Region,Years,CE_Start,CE_End,GDP_Start,GDP_End,pct_CE,pct_GDP,GDP_Decoupling_Elasticity,Decoupling_State
Global,1975 - 1980,7290.5000000009,8491.9000000009,3.0999670076457,6.181354393308,0.16478979493859836,0.9940065097668539,0.16578341622455783,Weak Decoupling
Global,1980 - 1985,8491.9000000009,10331.5,6.181354393308,6.277496916316,0.21662996502536594,0.015553633862521276,13.927932658063083,Expansive Negative Decoupling
Global,1985 - 1990,10331.5,11698.0,6.277496916316,13.5587045055,0.1322654019261482,1.1598902693618582,0.11403268517712215,Weak Decoupling
Global,1990 - 1995,11698.0,12641.9,13.5587045055,19.359961650007,0.08068900666780643,0.4278622004155161,0.1885864341123047,Weak Decoupling
Global,1995 - 2000,12641.9,13599.800000000001,19.359961650007,18.991228111022,0.07577183809395752,-0.019046191601565902,-3.9783196388577684,Strong Negative Decoupling
Global,2000 - 2005,13599.800000000001,17424.5,18.991228111022,27.052976673661,0.2812320769423079,0.42449853772016866,0.6625042301740445,Weak Decoupling
Global,2005 - 2010,17424.5,20255.2,27.052976673661,40.691509856363,0.1624551637062757,0.5041416827147375,0.32224108673473645,Weak Decoupling
Global,2010 - 2015,20255.2,22116.2,40.691509856363,45.094733172172,0.09187764129704964,0.108209877965992,0.8490688930073905,Expansive Coupling
Global,2015 - 2020,22116.2,22340.9,45.094733172172,51.913877077748,0.010159973232291295,0.15121818948435642,0.06718750744825144,Weak Decoupling
