Region,Start_Year,End_Year,CE_Start,CE_End,GDP_Start,GDP_End,Avg_CE,Avg_GDP,Delta_CE,Delta_GDP,Pct_Delta_CE,Pct_Delta_GDP,GDP_Decoupling_Elasticity,Decoupling_State
Global,1975,2020,7290.5000000009,22340.9,3.0999670076457,51.913877077748,14619.04000000018,23.222180936374272,15050.399999999101,48.813910070102295,1.0295067254757437,2.102038142061075,0.4897659585121987,Weak Decoupling
