Region,Start_Year,End_Year,CE_End,GDP_End,Delta_CE,Delta_GDP,Pct_Delta_CE,Pct_Delta_GDP,GDP_Decoupling_Elasticity,Decoupling_State
Africa,1975,2020,844.6,1.008336,618.8,0.9292541596999999,1.071162734338486,1.9336455674351696,0.5539602253784803,Weak Decoupling
Americas,1975,2020,1735.8,5.460026472,891.9999999999999,5.169154593564,0.6357170346508545,1.7755420612988912,0.35804110108537673,Weak Decoupling
Asia,1975,2020,16670.9,28.131300587472,14084.499999999602,27.1355786500683,1.636594554019353,2.5874733531649383,0.6325068244731904,Weak Decoupling
Europe,1975,2020,2679.5,15.771136018276,-743.7000000005,14.147009667943,-0.20163925092264934,1.6354010824595033,-0.1232965130605155,Strong Decoupling
Oceania,1975,2020,410.1,1.543078,198.8,1.432912998827,0.5779741830445402,2.0691055446530395,0.2793352830831346,Weak Decoupling
