region,Start_Year,End_Year,CE_End,GDP_End,Delta_CE,Delta_GDP,Pct_Delta_CE,Pct_Delta_GDP,GDP_Decoupling_Elasticity,Decoupling_State
Africa,1975,2020,844.6,1.008336,618.8,0.9292541596999999,1.071162734338486,1.9336455674351696,0.5539602253784803,Weak Decoupling
Americas,1975,2020,1735.8,5.460026472,891.9999999999999,5.169154593564,0.6357170346508545,1.7755420612988912,0.35804110108537673,Weak Decoupling
Asia,1975,2020,17259.0,29.201126587472,14588.7,28.130521553866302,1.643402766434647,2.567189564846556,0.6401563752589011,Weak Decoupling
Europe,1975,2020,2681.3,15.79276597147,-790.8999999999996,14.168639621137,-0.21261438541028194,1.6351751525808569,-0.1300254502245248,Strong Decoupling
Oceania,1975,2020,410.1,1.543078,198.8,1.432912998827,0.5779741830445402,2.0691055446530395,0.2793352830831346,Weak Decoupling
Unknown,1975,2020,7425.3,27.010034,2060.7,24.903886126487002,0.26898682542811153,1.8944117212434683,0.14198963319945673,Weak Decoupling
